ACTIVE,DOC,BASEFILE
1,Annotations.doc,annotations
1,DisplayThemes.doc,..
1,FeatureObjects.doc,..
1,FEMWATER-FlowModel.doc,femwater
1,FEMWATER-TransportModel.doc,femwater-transport
1,Geostatistics-2D.doc,geos2d
1,Geostatistics-3D.doc,geos3d
1,GettingStarted.doc,GettingStarted
1,GIS.doc,gis
1,ImportFromWeb.doc,
1,Lidar with Multiple Files.doc,lidarWithMultipleFiles
1,Lidar.doc,lidar
1,mod-PATH3DU-Transient.doc,transient
1,mod-PATH3DU.doc,VoronoiModel
1,MODAEM.doc,modaem
1,MODFLOW-6-Transport-Uncoupled.doc,mf6_transport_uncoupled
1,MODFLOW-AdvancedParameterOptions.doc,advparam
1,MODFLOW-AdvancedPest.doc,advPEST
1,MODFLOW-AutomatedParameterEstimation.doc,inverse
1,MODFLOW-ConceptualModelApproach1.doc,modfmap1
1,MODFLOW-ConceptualModelApproach2.doc,modfmap2
1,MODFLOW-ConceptualModelApproach3.doc,modfmap3
1,MODFLOW-ConceptualModelApproach4.doc,modfmap4
1,MODFLOW-DRTPackage.doc,drt
1,MODFLOW-ETSPackage.doc,et
1,MODFLOW-GAGEPackage.doc,gage
1,MODFLOW-GeneratingDataFromSolids.doc,sol2mf
1,MODFLOW-GridApproach.doc,modfgrid
1,MODFLOW-InterpolatingLayerData.doc,layerdata
1,MODFLOW-LAKPackage.doc,modflake
1,MODFLOW-LGR.doc,mflgr
1,MODFLOW-LGR_Dual.doc,mflgr-dual
0,MODFLOW-LGR_RegionalToLocal.doc,reg2loc
1,MODFLOW-ManagingTransientData.doc,trans
1,MODFLOW-MNW2NonVerticalandPumpCapacity.doc,mnw2adv
1,MODFLOW-MNW2Package.doc,mnw2
1,MODFLOW-MNWPackage.doc,mnw
1,MODFLOW-ModelCalibration.doc,calib
1,MODFLOW-NWT.doc,nwt
1,MODFLOW-PestPilotPoints.doc,pilotpoints
1,MODFLOW-PestPilotPointsAdvanced.doc,pilotpointsAdvanced
1,MODFLOW-Recharge.doc,recharge
1,MODFLOW-RegionalToLocalSs.doc,reg2loc_ss
1,MODFLOW-RegionalToLocalTrans.doc,reg2loc
1,MODFLOW-SaveModflow6.doc,modflow6
1,MODFLOW-SaveNativeText.doc,text
1,MODFLOW-SFR2Package.doc,mf6_sfr
1,MODFLOW-StochasticModeling-IndicatorSimulations.doc,sto_matset
1,MODFLOW-StochasticModeling-Inverse.doc,sto_inv_matset
1,MODFLOW-StochasticModeling-NullSpaceMonteCarloI.doc,sto_pest_nsmc_I
1,MODFLOW-StochasticModeling-NullSpaceMonteCarloII.doc,sto_pest_nsmc_II
1,MODFLOW-StochasticModeling-ParameterRandomization.doc,sto_param
1,MODFLOW-STRPackage.doc,str
1,MODFLOW-SUBPackage.doc,sub
1,MODFLOW-SWI-TwoAquiferSystem.doc,sw2ex03
1,MODFLOW-TransientCalibration.doc,trans_calib
1,MODFLOW-TransientCalibrationPumpTest.doc,trans_pest_pumptest
1,MODFLOW-UnsupportedPackage.doc,unsupported
1,MODFLOW-USG-Calibration.doc,Calibration
1,MODFLOW-USG-CLNObservations.doc,ClnObservations
1,MODFLOW-USG-CLNProcess.doc,ClnProcess
1,MODFLOW-USG-ComplexStratigraphy.doc,ComplexStratigraphy
1,MODFLOW-USG-ConvertingFromModflow2005.doc,usg-from-mf2005
1,MODFLOW-USG-GncPackage.doc,GncPackage
1,MODFLOW-USG-MapShapeToCLN.doc,ShapefileToCLN
1,MODFLOW-USG-PEST.doc,UsgPest
1,MODFLOW-USG-Quadtree.doc,Quadtree
1,MODFLOW-USG-Recharge.doc,recharge
1,MODFLOW-USG-RegionalToLocal.doc,Reg2LocUsg
1,MODFLOW-USG-ShapefileToCLN.doc,ShapefileToCLN
1,MODFLOW-USG-TransportGrid.doc,MODFLOW-USG-Transport
1,MODFLOW-USG-TVMPackage.doc,TVM
1,MODFLOW-UZFPackage.doc,uzf
1,MODFLOW-ZONEBUDGET.doc,zonebudget
1,MODFLOW6-ConceptualApproach.doc,mf6_conceptual
1,MODFLOW6-EVT.doc,mf6_evt
1,MODFLOW6-GridApproach.doc,mf6_grid
1,MODFLOW6-SFR.doc,mf6_sfr
1,MODFLOW6-Transient.doc,mf6_trans 
1,MODFLOW6-TransportGrid.doc,mf6_transport_p09
1,MODFLOW6-ZONEBUDGET.doc,mf6_zonebudget
1,MODPATH.doc,modpath
1,MT3D-USGS-Keating.doc,keating
1,MT3DMS-AdvancedTransport.doc,mt3dadv
1,MT3DMS-ConceptualModelApproach.doc,mt3dmap
1,MT3DMS-GridApproach.doc,modfgrid
1,MT3DMS-HeatTransport.doc,heat_transport
1,OnlineMaps.doc,online_maps
1,PHT3D-IonExchangeAndSurfaceComplexation.doc,IonExchange
1,PHT3D-TransportAndMineralReactions.doc,MineralReactions
1,PrintingAndExportingImages.doc,basics
1,PrintLayout.doc,PrintLayout
1,Projections.doc,Projections
1,Rasters.doc,rasters
1,RT3D-BTEXDegradationWithMultipleElectronAcceptors.doc,flowmod
1,RT3D-DoubleMonodModel.doc,flowmod
1,RT3D-InstantaneousAerobicDegradation.doc,..
1,RT3D-Rate-LimitedSorptionReaction.doc,rlimsorp
1,RT3D-SequentialAnaerobicDegradation.doc,flowmod
1,SEAM3D-BTEX.doc,BTEX
1,SEAM3D-ChlorinatedEthenes.doc,Chlorinated_Ethenes
1,SEAWAT-ConcentrationAndTemperatureEffects.doc,Case_Studies
1,SEAWAT-ConceptualModelApproach.doc,coastal
1,SEAWAT-GoswamiClementExperiment.doc,saltwater
1,SEAWAT-HeleShawExperiment.doc,saltlake
1,SEAWAT-ThermalEffects.doc,Case_Studies
1,SEAWAT-ViscosityAndPressureEffects.doc,Case_Studies
1,SEEP2D-EarthDam.doc,s2unc
1,SEEP2D-SheetPile.doc,s2con
1,StratigraphyModeling-BoreholesAndCrossSections.doc,Boreholes_and_Cross_Sections
1,StratigraphyModeling-HorizonCoverages.doc,Horizon_Coverages
1,StratigraphyModeling-HorizonsAndSolids.doc,Horizon_and_Solids
1,StratigraphyModeling-HorizonsTINsAndMeshes.doc,Horizons_TINs_and_Meshes
1,StratigraphyModeling-HorizonsWithRasters.doc,Horizons_with_Rasters
1,StratigraphyModeling-TINs.doc,TINs
1,T-PROGS.doc,t-progs
0,TOUGH2-Export.doc,..
1,UGridClipping.doc,UGridClip
1,UGridCreation.doc,UGridCreation
1,MODFLOW-USG-MDT_DiscreteFracture.doc,MTD_DiscreteFracture
1,MODFLOW-USG-MDT_EquivalentPorous.doc,MTD_EquivalentPorous
1,MODFLOW-USG-MDT_Matrix.doc,MTD_Matrix
